title,address,tell,date,type
"<em id=""comment_writer"">플라스틱정류장</em>","<p class=""adress"">광주광역시 서구 천변좌로 120</p>","<p class=""tell""><a class=""blocked"" href=""tel:070-7608-1216"">070-7608-1216<span class=""sr-only"">phone number</span></a></p>","<em class=""comment_wtime"" data-original-title=""2023-04-26 16:40:27"" data-placement=""auto"" data-toggle=""tooltip"" title="""">2023-04-26</em>",수거공간
"<em id=""comment_writer"">파틱스</em>","<p class=""adress"">경상남도 김해시 인제로 197 인제대학교</p>","<p class=""tell""><a class=""blocked"" href=""tel:010-7928-7759/010-4948-3512"">010-7928-7759/010-4948-3512<span class=""sr-only"">phone number</span></a></p>","<em class=""comment_wtime"" data-original-title=""2023-03-02 17:47:09"" data-placement=""auto"" data-toggle=""tooltip"" title="""">2023-03-02</em>",수거공간
"<em id=""comment_writer"">윤세희</em>","<p class=""adress"">서울특별시 종로구 북촌로6길 32-4</p>","<p class=""tell""><a class=""blocked"" href=""tel:02-6465-9006"">02-6465-9006<span class=""sr-only"">phone number</span></a></p>","<em class=""comment_wtime"" data-original-title=""2023-02-03 17:35:11"" data-placement=""auto"" data-toggle=""tooltip"" title="""">2023-02-03</em>",수거공간
"<em id=""comment_writer"">에코유</em>","<p class=""adress"">경상남도 거제시 계룡로 126 배진빌딩</p>","<p class=""tell""><a class=""blocked"" href=""tel:01067856614"">01067856614<span class=""sr-only"">phone number</span></a></p>","<em class=""comment_wtime"" data-original-title=""2023-01-07 16:57:02"" data-placement=""auto"" data-toggle=""tooltip"" title="""">2023-01-07</em>",수거공간
"<em id=""comment_writer"">생태전환마을내일</em>","<p class=""adress"">강원도 강릉시 용지로96번길 25-1</p>","<p class=""tell""><a class=""blocked"" href=""tel:""><span class=""sr-only"">phone number</span></a></p>","<em class=""comment_wtime"" data-original-title=""2022-12-12 12:09:39"" data-placement=""auto"" data-toggle=""tooltip"" title="""">2022-12-12</em>",수거공간
"<em id=""comment_writer"">국립청소년미래환경센터</em>","<p class=""adress"">경상북도 봉화군 춘양면 춘양로 1466</p>","<p class=""tell""><a class=""blocked"" href=""tel:054-679-3000"">054-679-3000<span class=""sr-only"">phone number</span></a></p>","<em class=""comment_wtime"" data-original-title=""2022-11-30 12:02:56"" data-placement=""auto"" data-toggle=""tooltip"" title="""">2022-11-30</em>",수거공간
"<em id=""comment_writer"">비건채식마켓</em>","<p class=""adress"">경상남도 창원시 성산구 신월로 10</p>","<p class=""tell""><a class=""blocked"" href=""tel:055-274-2111"">055-274-2111<span class=""sr-only"">phone number</span></a></p>","<em class=""comment_wtime"" data-original-title=""2022-08-10 12:39:11"" data-placement=""auto"" data-toggle=""tooltip"" title="""">2022-08-10</em>",수거공간
"<em id=""comment_writer"">자원순환 환장 사회적협동조합</em>","<p class=""adress"">서울특별시 강북구 인수봉로23길 37</p>","<p class=""tell""><a class=""blocked"" href=""tel:010-9416-7015"">010-9416-7015<span class=""sr-only"">phone number</span></a></p>","<em class=""comment_wtime"" data-original-title=""2022-05-24 16:03:13"" data-placement=""auto"" data-toggle=""tooltip"" title="""">2022-05-24</em>",수거공간
"<em id=""comment_writer"">알맹상점</em>","<p class=""adress"">서울특별시 중구 한강대로 405 경부고속철도서울민자역사</p>","<p class=""tell""><a class=""blocked"" href=""tel:070 7777 1925"">070 7777 1925<span class=""sr-only"">phone number</span></a></p>","<em class=""comment_wtime"" data-original-title=""2022-03-06 12:00:05"" data-placement=""auto"" data-toggle=""tooltip"" title="""">2022-03-06</em>",수거공간
"<em id=""comment_writer"">얼쓰인어스</em>","<p class=""adress"">세종특별자치시 대평로 86 해들마을 6단지 상가동</p>","<p class=""tell""><a class=""blocked"" href=""tel:044-999-4219"">044-999-4219<span class=""sr-only"">phone number</span></a></p>","<em class=""comment_wtime"" data-original-title=""2022-02-28 15:29:02"" data-placement=""auto"" data-toggle=""tooltip"" title="""">2022-02-28</em>",수거공간
"<em id=""comment_writer"">햇빛상점</em>","<p class=""adress"">서울특별시 은평구 연서로 16</p>","<p class=""tell""><a class=""blocked"" href=""tel:02-3157-2649"">02-3157-2649<span class=""sr-only"">phone number</span></a></p>","<em class=""comment_wtime"" data-original-title=""2022-02-22 13:59:53"" data-placement=""auto"" data-toggle=""tooltip"" title="""">2022-02-22</em>",수거공간
"<em id=""comment_writer"">플레이앤두</em>","<p class=""adress"">경기도 용인시 기흥구 이현로30번길 3 솔뫼마을현대홈타운</p>","<p class=""tell""><a class=""blocked"" href=""tel:010 9231 5190"">010 9231 5190<span class=""sr-only"">phone number</span></a></p>","<em class=""comment_wtime"" data-original-title=""2022-01-07 13:29:11"" data-placement=""auto"" data-toggle=""tooltip"" title="""">2022-01-07</em>",수거공간
"<em id=""comment_writer"">어거스트</em>","<p class=""adress"">강원도 춘천시 춘천순환로 44</p>","<p class=""tell""><a class=""blocked"" href=""tel:050713470828"">050713470828<span class=""sr-only"">phone number</span></a></p>","<em class=""comment_wtime"" data-original-title=""2021-12-16 18:24:52"" data-placement=""auto"" data-toggle=""tooltip"" title="""">2021-12-16</em>",수거공간
"<em id=""comment_writer"">일상공감</em>","<p class=""adress"">서울특별시 성북구 삼양로 27</p>","<p class=""tell""><a class=""blocked"" href=""tel:""><span class=""sr-only"">phone number</span></a></p>","<em class=""comment_wtime"" data-original-title=""2021-11-28 18:33:59"" data-placement=""auto"" data-toggle=""tooltip"" title="""">2021-11-28</em>",수거공간
"<em id=""comment_writer"">#지구,돌봄</em>","<p class=""adress"">경기도 광명시 하안로288번길 12 하안주공12단지상가</p>","<p class=""tell""><a class=""blocked"" href=""tel:02.899.2081"">02.899.2081<span class=""sr-only"">phone number</span></a></p>","<em class=""comment_wtime"" data-original-title=""2021-11-15 15:37:52"" data-placement=""auto"" data-toggle=""tooltip"" title="""">2021-11-15</em>",수거공간
"<em id=""comment_writer"">정미나</em>","<p class=""adress"">강원도 영월군 영월읍 덕포시장길 50</p>","<p class=""tell""><a class=""blocked"" href=""tel:033-372-7173"">033-372-7173<span class=""sr-only"">phone number</span></a></p>","<em class=""comment_wtime"" data-original-title=""2021-11-10 15:00:24"" data-placement=""auto"" data-toggle=""tooltip"" title="""">2021-11-10</em>",수거공간
"<em id=""comment_writer"">Ucyclefor Project</em>","<p class=""adress"">부산광역시 해운대구</p>","<p class=""tell""><a class=""blocked"" href=""tel:01077949694"">01077949694<span class=""sr-only"">phone number</span></a></p>","<em class=""comment_wtime"" data-original-title=""2021-11-01 12:46:52"" data-placement=""auto"" data-toggle=""tooltip"" title="""">2021-11-01</em>",수거공간
"<em id=""comment_writer"">아워리 라이프</em>","<p class=""adress"">서울특별시 노원구 중계로2길 84</p>","<p class=""tell""><a class=""blocked"" href=""tel:@ourre_life"">@ourre_life<span class=""sr-only"">phone number</span></a></p>","<em class=""comment_wtime"" data-original-title=""2021-10-13 14:58:05"" data-placement=""auto"" data-toggle=""tooltip"" title="""">2021-10-13</em>",수거공간
"<em id=""comment_writer"">서울환경연합</em>","<p class=""adress"">서울특별시 성동구 성수이로26길 47</p>","<p class=""tell""><a class=""blocked"" href=""tel:""><span class=""sr-only"">phone number</span></a></p>","<em class=""comment_wtime"" data-original-title=""2021-09-24 15:41:57"" data-placement=""auto"" data-toggle=""tooltip"" title="""">2021-09-24</em>",수거공간
"<em id=""comment_writer"">북극곰</em>","<p class=""adress"">경기도 남양주시 늘을2로14번길 12</p>","<p class=""tell""><a class=""blocked"" href=""tel:""><span class=""sr-only"">phone number</span></a></p>","<em class=""comment_wtime"" data-original-title=""2021-08-04 00:00:07"" data-placement=""auto"" data-toggle=""tooltip"" title="""">2021-08-04</em>",수거공간
"<em id=""comment_writer"">마플상회</em>","<p class=""adress"">부산광역시 북구 산성로 37-1, 2층</p>","<p class=""tell""><a class=""blocked"" href=""tel:010-5187-3926"">010-5187-3926<span class=""sr-only"">phone number</span></a></p>","<em class=""comment_wtime"" data-original-title=""2021-08-02 15:18:49"" data-placement=""auto"" data-toggle=""tooltip"" title="""">2021-08-02</em>",수거공간
"<em id=""comment_writer"">설해냄</em>","<p class=""adress"">서울특별시 마포구 성미산로17길 101</p>","<p class=""tell""><a class=""blocked"" href=""tel:01088304517"">01088304517<span class=""sr-only"">phone number</span></a></p>","<em class=""comment_wtime"" data-original-title=""2021-07-30 17:45:29"" data-placement=""auto"" data-toggle=""tooltip"" title="""">2021-07-30</em>",수거공간
"<em id=""comment_writer"">마리앤하우스</em>","<p class=""adress"">경상남도 창원시 마산합포구 3·15대로 53-1</p>","<p class=""tell""><a class=""blocked"" href=""tel:0507-1375-6229"">0507-1375-6229<span class=""sr-only"">phone number</span></a></p>","<em class=""comment_wtime"" data-original-title=""2021-07-29 16:13:04"" data-placement=""auto"" data-toggle=""tooltip"" title="""">2021-07-29</em>",수거공간
"<em id=""comment_writer"">무해공간</em>","<p class=""adress"">경기도 성남시 중원구 원터로105번길 5-1</p>","<p class=""tell""><a class=""blocked"" href=""tel:01047613074"">01047613074<span class=""sr-only"">phone number</span></a></p>","<em class=""comment_wtime"" data-original-title=""2021-07-22 12:07:49"" data-placement=""auto"" data-toggle=""tooltip"" title="""">2021-07-22</em>",수거공간
"<em id=""comment_writer"">정은민</em>","<p class=""adress"">전라남도 나주시 그린로 229</p>","<p class=""tell""><a class=""blocked"" href=""tel:061-335-3123"">061-335-3123<span class=""sr-only"">phone number</span></a></p>","<em class=""comment_wtime"" data-original-title=""2021-07-15 15:00:50"" data-placement=""auto"" data-toggle=""tooltip"" title="""">2021-07-15</em>",수거공간
"<em id=""comment_writer"">강서양천시민햇빛발전협동조합</em>","<p class=""adress"">서울특별시 양천구 목동중앙북로16길 41</p>","<p class=""tell""><a class=""blocked"" href=""tel:070-7670-1004"">070-7670-1004<span class=""sr-only"">phone number</span></a></p>","<em class=""comment_wtime"" data-original-title=""2021-07-13 16:46:01"" data-placement=""auto"" data-toggle=""tooltip"" title="""">2021-07-13</em>",수거공간
"<em id=""comment_writer"">싱글룸</em>","<p class=""adress"">충청북도 청주시 상당구 중고개로141번길 14-2</p>","<p class=""tell""><a class=""blocked"" href=""tel:043-293-2581"">043-293-2581<span class=""sr-only"">phone number</span></a></p>","<em class=""comment_wtime"" data-original-title=""2021-07-13 16:13:38"" data-placement=""auto"" data-toggle=""tooltip"" title="""">2021-07-13</em>",수거공간
"<em id=""comment_writer"">열매네살림</em>","<p class=""adress"">서울특별시 강북구 삼양로27길 19 삼성래미안트리베라아파트</p>","<p class=""tell""><a class=""blocked"" href=""tel:01037525370"">01037525370<span class=""sr-only"">phone number</span></a></p>","<em class=""comment_wtime"" data-original-title=""2021-07-13 14:07:12"" data-placement=""auto"" data-toggle=""tooltip"" title="""">2021-07-13</em>",수거공간
"<em id=""comment_writer"">선택지</em>","<p class=""adress"">서울특별시 강동구 천호옛12길 47 현대상가</p>","<p class=""tell""><a class=""blocked"" href=""tel:07041411724"">07041411724<span class=""sr-only"">phone number</span></a></p>","<em class=""comment_wtime"" data-original-title=""2021-07-12 14:23:00"" data-placement=""auto"" data-toggle=""tooltip"" title="""">2021-07-12</em>",수거공간
"<em id=""comment_writer"">미바드래프트</em>","<p class=""adress"">서울특별시 동대문구 천장산로7길 8</p>","<p class=""tell""><a class=""blocked"" href=""tel:029592717"">029592717<span class=""sr-only"">phone number</span></a></p>","<em class=""comment_wtime"" data-original-title=""2021-07-07 16:31:55"" data-placement=""auto"" data-toggle=""tooltip"" title="""">2021-07-07</em>",수거공간
"<em id=""comment_writer"">지구랑 가게</em>","<p class=""adress"">서울특별시 노원구 광운로 53 니아미트어린이집</p>","<p class=""tell""><a class=""blocked"" href=""tel:070-7585-7991"">070-7585-7991<span class=""sr-only"">phone number</span></a></p>","<em class=""comment_wtime"" data-original-title=""2021-06-30 14:54:50"" data-placement=""auto"" data-toggle=""tooltip"" title="""">2021-06-30</em>",수거공간
"<em id=""comment_writer"">김상원</em>","<p class=""adress"">부산광역시 수영구 남천동로16번길 5</p>","<p class=""tell""><a class=""blocked"" href=""tel:051-628-0622"">051-628-0622<span class=""sr-only"">phone number</span></a></p>","<em class=""comment_wtime"" data-original-title=""2021-06-29 15:19:00"" data-placement=""auto"" data-toggle=""tooltip"" title="""">2021-06-29</em>",수거공간
"<em id=""comment_writer"">슈가</em>","<p class=""adress"">경상남도 진주시 초전남로 35</p>","<p class=""tell""><a class=""blocked"" href=""tel:055-761-2585"">055-761-2585<span class=""sr-only"">phone number</span></a></p>","<em class=""comment_wtime"" data-original-title=""2021-06-29 14:40:25"" data-placement=""auto"" data-toggle=""tooltip"" title="""">2021-06-29</em>",수거공간
"<em id=""comment_writer"">초록숲상점</em>","<p class=""adress"">경기도 평택시 용죽6길 22</p>","<p class=""tell""><a class=""blocked"" href=""tel:01065590032"">01065590032<span class=""sr-only"">phone number</span></a></p>","<em class=""comment_wtime"" data-original-title=""2021-06-21 19:19:14"" data-placement=""auto"" data-toggle=""tooltip"" title="""">2021-06-21</em>",수거공간
"<em id=""comment_writer"">최정은</em>","<p class=""adress"">전라북도 군산시 구영5길 21-4</p>","<p class=""tell""><a class=""blocked"" href=""tel:010-4240-8508"">010-4240-8508<span class=""sr-only"">phone number</span></a></p>","<em class=""comment_wtime"" data-original-title=""2021-06-10 18:00:17"" data-placement=""auto"" data-toggle=""tooltip"" title="""">2021-06-10</em>",수거공간
"<em id=""comment_writer"">냉이</em>","<p class=""adress"">충청남도 논산시 계백로1062번길 7-2</p>","<p class=""tell""><a class=""blocked"" href=""tel:010-2724-1409"">010-2724-1409<span class=""sr-only"">phone number</span></a></p>","<em class=""comment_wtime"" data-original-title=""2021-06-01 17:39:23"" data-placement=""auto"" data-toggle=""tooltip"" title="""">2021-06-01</em>",수거공간
"<em id=""comment_writer"">비그린(B:green)</em>","<p class=""adress"">서울특별시 동작구 노량진로 10 여성가족복합시설 스페이스살림</p>","<p class=""tell""><a class=""blocked"" href=""tel:070-5029-2019"">070-5029-2019<span class=""sr-only"">phone number</span></a></p>","<em class=""comment_wtime"" data-original-title=""2021-06-01 16:06:51"" data-placement=""auto"" data-toggle=""tooltip"" title="""">2021-06-01</em>",수거공간
"<em id=""comment_writer"">위치타</em>","<p class=""adress"">경기도 안양시 만안구 냉천로203번길 6</p>","<p class=""tell""><a class=""blocked"" href=""tel:010-8484-8734"">010-8484-8734<span class=""sr-only"">phone number</span></a></p>","<em class=""comment_wtime"" data-original-title=""2021-06-01 12:51:22"" data-placement=""auto"" data-toggle=""tooltip"" title="""">2021-06-01</em>",수거공간
"<em id=""comment_writer"">네모상점</em>","<p class=""adress"">부산광역시 연제구 신금로 25</p>","<p class=""tell""><a class=""blocked"" href=""tel:010-3931-9640"">010-3931-9640<span class=""sr-only"">phone number</span></a></p>","<em class=""comment_wtime"" data-original-title=""2021-05-28 20:29:30"" data-placement=""auto"" data-toggle=""tooltip"" title="""">2021-05-28</em>",수거공간
"<em id=""comment_writer"">류은정</em>","<p class=""adress"">경상북도 김천시 남산공원길 35</p>","<p class=""tell""><a class=""blocked"" href=""tel:""><span class=""sr-only"">phone number</span></a></p>","<em class=""comment_wtime"" data-original-title=""2021-05-12 03:08:24"" data-placement=""auto"" data-toggle=""tooltip"" title="""">2021-05-12</em>",수거공간
"<em id=""comment_writer"">도돌이</em>","<p class=""adress"">서울특별시 서대문구 가좌로 77 마을언덕 홍은둥지</p>","<p class=""tell""><a class=""blocked"" href=""tel:02-303-0503"">02-303-0503<span class=""sr-only"">phone number</span></a></p>","<em class=""comment_wtime"" data-original-title=""2021-05-11 15:43:42"" data-placement=""auto"" data-toggle=""tooltip"" title="""">2021-05-11</em>",수거공간
"<em id=""comment_writer"">비건바닐라</em>","<p class=""adress"">대전광역시 서구 한밭대로656번길 32</p>","<p class=""tell""><a class=""blocked"" href=""tel:0507-1361-9962"">0507-1361-9962<span class=""sr-only"">phone number</span></a></p>","<em class=""comment_wtime"" data-original-title=""2021-05-10 11:27:52"" data-placement=""auto"" data-toggle=""tooltip"" title="""">2021-05-10</em>",수거공간
"<em id=""comment_writer"">대안생활공기</em>","<p class=""adress"">서울특별시 강동구 상암로3길 24 뱅크빌딩</p>","<p class=""tell""><a class=""blocked"" href=""tel:010-9948-0716"">010-9948-0716<span class=""sr-only"">phone number</span></a></p>","<em class=""comment_wtime"" data-original-title=""2021-05-06 16:21:51"" data-placement=""auto"" data-toggle=""tooltip"" title="""">2021-05-06</em>",수거공간
"<em id=""comment_writer"">김초혜</em>","<p class=""adress"">인천광역시 중구 하늘달빛로 78 영종 힐링프라자</p>","<p class=""tell""><a class=""blocked"" href=""tel:070-8065-2776"">070-8065-2776<span class=""sr-only"">phone number</span></a></p>","<em class=""comment_wtime"" data-original-title=""2021-04-30 18:07:00"" data-placement=""auto"" data-toggle=""tooltip"" title="""">2021-04-30</em>",수거공간
"<em id=""comment_writer"">방승연</em>","<p class=""adress"">서울특별시 광진구 아차산로65길 22</p>","<p class=""tell""><a class=""blocked"" href=""tel:0507-1337-5180"">0507-1337-5180<span class=""sr-only"">phone number</span></a></p>","<em class=""comment_wtime"" data-original-title=""2021-04-29 18:32:20"" data-placement=""auto"" data-toggle=""tooltip"" title="""">2021-04-29</em>",수거공간
"<em id=""comment_writer"">낯설여관</em>","<p class=""adress"">경기도 수원시 장안구 영화로71번길 33 크리스챤어페럴</p>","<p class=""tell""><a class=""blocked"" href=""tel:0507-1392-0130"">0507-1392-0130<span class=""sr-only"">phone number</span></a></p>","<em class=""comment_wtime"" data-original-title=""2021-04-20 18:18:51"" data-placement=""auto"" data-toggle=""tooltip"" title="""">2021-04-20</em>",수거공간
"<em id=""comment_writer"">순환지구</em>","<p class=""adress"">서울특별시 성북구 동소문로25길 8</p>","<p class=""tell""><a class=""blocked"" href=""tel:02-921-3888"">02-921-3888<span class=""sr-only"">phone number</span></a></p>","<em class=""comment_wtime"" data-original-title=""2021-04-18 13:52:24"" data-placement=""auto"" data-toggle=""tooltip"" title="""">2021-04-18</em>",수거공간
"<em id=""comment_writer"">허그어웨일</em>","<p class=""adress"">서울특별시 강서구 화곡로55길 23</p>","<p class=""tell""><a class=""blocked"" href=""tel:02-2038-7209"">02-2038-7209<span class=""sr-only"">phone number</span></a></p>","<em class=""comment_wtime"" data-original-title=""2021-04-16 18:05:26"" data-placement=""auto"" data-toggle=""tooltip"" title="""">2021-04-16</em>",수거공간
"<em id=""comment_writer"">소중한모든것</em>","<p class=""adress"">인천광역시 남동구 인하로 617 플러스타워</p>","<p class=""tell""><a class=""blocked"" href=""tel:070-4266-0247"">070-4266-0247<span class=""sr-only"">phone number</span></a></p>","<em class=""comment_wtime"" data-original-title=""2021-04-14 17:10:14"" data-placement=""auto"" data-toggle=""tooltip"" title="""">2021-04-14</em>",수거공간
"<em id=""comment_writer"">플라스틱 베이커리</em>","<p class=""adress"">서울시 중구 을지로 157</p>","<p class=""tell""><a class=""blocked"" href=""tel:010-3494-1510"">010-3494-1510<span class=""sr-only"">phone number</span></a></p>","<em class=""comment_wtime"" data-original-title=""2021-04-14 15:21:51"" data-placement=""auto"" data-toggle=""tooltip"" title="""">2021-04-14</em>",수거공간
"<em id=""comment_writer"">에르마나스_이너피스</em>","<p class=""adress"">강원도 원주시 남원로469번길 14-2</p>","<p class=""tell""><a class=""blocked"" href=""tel:01063582317"">01063582317<span class=""sr-only"">phone number</span></a></p>","<em class=""comment_wtime"" data-original-title=""2021-04-14 15:14:39"" data-placement=""auto"" data-toggle=""tooltip"" title="""">2021-04-14</em>",수거공간
"<em id=""comment_writer"">천연제작소</em>","<p class=""adress"">부산광역시 북구 덕천1길 93</p>","<p class=""tell""><a class=""blocked"" href=""tel:051-338-9619"">051-338-9619<span class=""sr-only"">phone number</span></a></p>","<em class=""comment_wtime"" data-original-title=""2021-04-13 20:07:13"" data-placement=""auto"" data-toggle=""tooltip"" title="""">2021-04-13</em>",수거공간
"<em id=""comment_writer"">늘미곡</em>","<p class=""adress"">전라북도 전주시 완산구 선너머로 16 중화산동 광진아파트</p>","<p class=""tell""><a class=""blocked"" href=""tel:070-4240-0225"">070-4240-0225<span class=""sr-only"">phone number</span></a></p>","<em class=""comment_wtime"" data-original-title=""2021-04-13 18:30:56"" data-placement=""auto"" data-toggle=""tooltip"" title="""">2021-04-13</em>",수거공간
"<em id=""comment_writer"">페이퍼넛츠</em>","<p class=""adress"">서울특별시 서대문구 거북골로24길 37-8 영재하이빌</p>","<p class=""tell""><a class=""blocked"" href=""tel:02-6408-7799"">02-6408-7799<span class=""sr-only"">phone number</span></a></p>","<em class=""comment_wtime"" data-original-title=""2021-04-13 15:53:15"" data-placement=""auto"" data-toggle=""tooltip"" title="""">2021-04-13</em>",수거공간
"<em id=""comment_writer"">덕분愛</em>","<p class=""adress"">서울특별시 서초구 서초대로 389 진흥상가</p>","<p class=""tell""><a class=""blocked"" href=""tel:02-6959-4479"">02-6959-4479<span class=""sr-only"">phone number</span></a></p>","<em class=""comment_wtime"" data-original-title=""2021-04-13 15:45:46"" data-placement=""auto"" data-toggle=""tooltip"" title="""">2021-04-13</em>",수거공간
"<em id=""comment_writer"">지구에티켓</em>","<p class=""adress"">경기도 오산시 세마역로19번길 52</p>","<p class=""tell""><a class=""blocked"" href=""tel:01037799470"">01037799470<span class=""sr-only"">phone number</span></a></p>","<em class=""comment_wtime"" data-original-title=""2021-04-13 14:57:48"" data-placement=""auto"" data-toggle=""tooltip"" title="""">2021-04-13</em>",수거공간
"<em id=""comment_writer"">이로운공간 이공</em>","<p class=""adress"">광주광역시 광산구 송도로 257-1</p>","<p class=""tell""><a class=""blocked"" href=""tel:062-941-7978"">062-941-7978<span class=""sr-only"">phone number</span></a></p>","<em class=""comment_wtime"" data-original-title=""2021-04-12 14:59:48"" data-placement=""auto"" data-toggle=""tooltip"" title="""">2021-04-12</em>",수거공간
"<em id=""comment_writer"">1.5도씨</em>","<p class=""adress"">서울특별시 관악구 조원로18길 15</p>","<p class=""tell""><a class=""blocked"" href=""tel:01092019173"">01092019173<span class=""sr-only"">phone number</span></a></p>","<em class=""comment_wtime"" data-original-title=""2021-04-12 14:31:00"" data-placement=""auto"" data-toggle=""tooltip"" title="""">2021-04-12</em>",수거공간
"<em id=""comment_writer"">솝리필스테이션</em>","<p class=""adress"">경기도 성남시 수정구 위례광장로 21 가하빌딩</p>","<p class=""tell""><a class=""blocked"" href=""tel:01049365049"">01049365049<span class=""sr-only"">phone number</span></a></p>","<em class=""comment_wtime"" data-original-title=""2021-04-12 14:10:31"" data-placement=""auto"" data-toggle=""tooltip"" title="""">2021-04-12</em>",수거공간
"<em id=""comment_writer"">포항나눔지역자활센터(지구공방)</em>","<p class=""adress"">경상북도 포항시 남구 정몽주로861번길 9-5</p>","<p class=""tell""><a class=""blocked"" href=""tel:054)252-4471 / 054)252-5445"">054)252-4471 / 054)252-5445<span class=""sr-only"">phone number</span></a></p>","<em class=""comment_wtime"" data-original-title=""2021-04-08 09:38:56"" data-placement=""auto"" data-toggle=""tooltip"" title="""">2021-04-08</em>",수거공간
"<em id=""comment_writer"">전주시자원봉사센터</em>","<p class=""adress"">전라북도 전주시 덕진구 전주천동로 455 전주시자원봉사센터</p>","<p class=""tell""><a class=""blocked"" href=""tel:063-273-1365"">063-273-1365<span class=""sr-only"">phone number</span></a></p>","<em class=""comment_wtime"" data-original-title=""2021-03-30 13:14:21"" data-placement=""auto"" data-toggle=""tooltip"" title="""">2021-03-30</em>",수거공간
"<em id=""comment_writer"">Project Modulab</em>","<p class=""adress"">서울특별시 은평구 통일로 684 서울혁신파크</p>","<p class=""tell""><a class=""blocked"" href=""tel:ysh.jay@funcompany.org"">ysh.jay@funcompany.org<span class=""sr-only"">phone number</span></a></p>","<em class=""comment_wtime"" data-original-title=""2021-03-19 15:45:16"" data-placement=""auto"" data-toggle=""tooltip"" title="""">2021-03-19</em>",수거공간
"<em id=""comment_writer"">재작소</em>","<p class=""adress"">대전광역시 대덕구 오정동 133-16</p>","<p class=""tell""><a class=""blocked"" href=""tel:jaejagso@gmail.com"">jaejagso@gmail.com<span class=""sr-only"">phone number</span></a></p>","<em class=""comment_wtime"" data-original-title=""2021-03-18 13:20:59"" data-placement=""auto"" data-toggle=""tooltip"" title="""">2021-03-18</em>",수거공간
"<em id=""comment_writer"">지구맑음</em>","<p class=""adress"">울산광역시 남구 삼산중로74번길 30 </p>","<p class=""tell""><a class=""blocked"" href=""tel:01025071421"">01025071421<span class=""sr-only"">phone number</span></a></p>","<em class=""comment_wtime"" data-original-title=""2021-03-11 16:12:09"" data-placement=""auto"" data-toggle=""tooltip"" title="""">2021-03-11</em>",수거공간
"<em id=""comment_writer"">제4의공간</em>","<p class=""adress"">서울특별시 영등포구 도림로143길 11-19</p>","<p class=""tell""><a class=""blocked"" href=""tel:contact@4thplace.io"">contact@4thplace.io<span class=""sr-only"">phone number</span></a></p>","<em class=""comment_wtime"" data-original-title=""2021-03-03 12:18:35"" data-placement=""auto"" data-toggle=""tooltip"" title="""">2021-03-03</em>",수거공간
"<em id=""comment_writer"">알맹상점</em>","<p class=""adress"">서울특별시 마포구 월드컵로25길 47 한흥빌딩</p>","<p class=""tell""><a class=""blocked"" href=""tel:010 2229 1027"">010 2229 1027<span class=""sr-only"">phone number</span></a></p>","<em class=""comment_wtime"" data-original-title=""2021-03-01 21:57:48"" data-placement=""auto"" data-toggle=""tooltip"" title="""">2021-03-01</em>",수거공간
"<em id=""comment_writer"">아이디어창작소도깨비</em>","<p class=""adress"">경기도 화성시</p>","<p class=""tell""><a class=""blocked"" href=""tel:01045911521"">01045911521<span class=""sr-only"">phone number</span></a></p>","<em class=""comment_wtime"" data-original-title=""2021-02-28 13:25:56"" data-placement=""auto"" data-toggle=""tooltip"" title="""">2021-02-28</em>",수거공간
"<em id=""comment_writer"">clubkeepus</em>","<p class=""adress"">충청남도 보령시 신평중앙길 37</p>","<p class=""tell""><a class=""blocked"" href=""tel:010-7547-0933"">010-7547-0933<span class=""sr-only"">phone number</span></a></p>","<em class=""comment_wtime"" data-original-title=""2021-02-25 17:24:34"" data-placement=""auto"" data-toggle=""tooltip"" title="""">2021-02-25</em>",수거공간
"<em id=""comment_writer"">더쓸모협동조합</em>","<p class=""adress"">대구광역시 북구 경대로5길 16</p>","<p class=""tell""><a class=""blocked"" href=""tel:010-9988-5535"">010-9988-5535<span class=""sr-only"">phone number</span></a></p>","<em class=""comment_wtime"" data-original-title=""2021-02-25 11:50:28"" data-placement=""auto"" data-toggle=""tooltip"" title="""">2021-02-25</em>",수거공간
"<em id=""comment_writer"">서울환경연합</em>","<p class=""adress"">서울특별시 성동구 성수이로26길 47</p>","<p class=""tell""><a class=""blocked"" href=""tel:010-2133-7088"">010-2133-7088<span class=""sr-only"">phone number</span></a></p>","<em class=""comment_wtime"" data-original-title=""2021-02-24 13:15:38"" data-placement=""auto"" data-toggle=""tooltip"" title="""">2021-02-24</em>",수거공간
"<em id=""comment_writer"">플라스틱정류장</em>","<p class=""adress"">광주광역시 서구 천변좌로 120</p>","<p class=""tell""><a class=""blocked"" href=""tel:070-7608-1216"">070-7608-1216<span class=""sr-only"">phone number</span></a></p>","<em class=""comment_wtime"" data-original-title=""2023-04-26 16:43:36"" data-placement=""auto"" data-toggle=""tooltip"" title="""">2023-04-26</em>",작업공간
"<em id=""comment_writer"">생태전환마을내일</em>","<p class=""adress"">강원도 강릉시 죽헌길 140-12</p>","<p class=""tell""><a class=""blocked"" href=""tel:""><span class=""sr-only"">phone number</span></a></p>","<em class=""comment_wtime"" data-original-title=""2023-03-06 19:08:43"" data-placement=""auto"" data-toggle=""tooltip"" title="""">2023-03-06</em>",작업공간
"<em id=""comment_writer"">파틱스</em>","<p class=""adress"">경상남도 김해시 인제로 197 인제대학교</p>","<p class=""tell""><a class=""blocked"" href=""tel:010-7928-7759 / 010-4948-3512"">010-7928-7759 / 010-4948-3512<span class=""sr-only"">phone number</span></a></p>","<em class=""comment_wtime"" data-original-title=""2023-03-02 20:42:11"" data-placement=""auto"" data-toggle=""tooltip"" title="""">2023-03-02</em>",작업공간
"<em id=""comment_writer"">국립청소년미래환경센터</em>","<p class=""adress"">경상북도 봉화군 춘양면 춘양로 1466</p>","<p class=""tell""><a class=""blocked"" href=""tel:054-679-3000"">054-679-3000<span class=""sr-only"">phone number</span></a></p>","<em class=""comment_wtime"" data-original-title=""2022-12-16 15:19:04"" data-placement=""auto"" data-toggle=""tooltip"" title="""">2022-12-16</em>",작업공간
"<em id=""comment_writer"">원점</em>","<p class=""adress"">서울특별시 성동구 아차산로7길 42</p>","<p class=""tell""><a class=""blocked"" href=""tel:0507-1422-4947"">0507-1422-4947<span class=""sr-only"">phone number</span></a></p>","<em class=""comment_wtime"" data-original-title=""2022-01-19 16:02:48"" data-placement=""auto"" data-toggle=""tooltip"" title="""">2022-01-19</em>",작업공간
"<em id=""comment_writer"">두더지방앗간</em>","<p class=""adress"">충청남도 천안시 동남구 광덕면 안심대길 50 </p>","<p class=""tell""><a class=""blocked"" href=""tel:041-572-2535"">041-572-2535<span class=""sr-only"">phone number</span></a></p>","<em class=""comment_wtime"" data-original-title=""2021-11-09 13:37:03"" data-placement=""auto"" data-toggle=""tooltip"" title="""">2021-11-09</em>",작업공간
"<em id=""comment_writer"">Ucyclefor Project</em>","<p class=""adress"">부산광역시 해운대구</p>","<p class=""tell""><a class=""blocked"" href=""tel:01077949694"">01077949694<span class=""sr-only"">phone number</span></a></p>","<em class=""comment_wtime"" data-original-title=""2021-11-01 12:39:33"" data-placement=""auto"" data-toggle=""tooltip"" title="""">2021-11-01</em>",작업공간
"<em id=""comment_writer"">도담스튜디오</em>","<p class=""adress"">제주특별자치도 제주시 중앙로 217 제주벤처마루</p>","<p class=""tell""><a class=""blocked"" href=""tel:010 - 5518 - 8730"">010 - 5518 - 8730<span class=""sr-only"">phone number</span></a></p>","<em class=""comment_wtime"" data-original-title=""2021-07-22 11:10:47"" data-placement=""auto"" data-toggle=""tooltip"" title="""">2021-07-22</em>",작업공간
"<em id=""comment_writer"">포항나눔지역자활센터(지구공방)</em>","<p class=""adress"">경상북도 포항시 남구 정몽주로861번길 9-5</p>","<p class=""tell""><a class=""blocked"" href=""tel:054)252-4471 / 054)282-5445"">054)252-4471 / 054)282-5445<span class=""sr-only"">phone number</span></a></p>","<em class=""comment_wtime"" data-original-title=""2021-05-07 16:35:57"" data-placement=""auto"" data-toggle=""tooltip"" title="""">2021-05-07</em>",작업공간
"<em id=""comment_writer"">플라스틱 베이커리</em>","<p class=""adress"">서울시 중구 을지로 157</p>","<p class=""tell""><a class=""blocked"" href=""tel:010-3494-1510"">010-3494-1510<span class=""sr-only"">phone number</span></a></p>","<em class=""comment_wtime"" data-original-title=""2021-04-14 15:12:27"" data-placement=""auto"" data-toggle=""tooltip"" title="""">2021-04-14</em>",작업공간
"<em id=""comment_writer"">would you love</em>","<p class=""adress"">서울특별시 은평구 가좌로 172 예은교회</p>","<p class=""tell""><a class=""blocked"" href=""tel:010-2878-0242"">010-2878-0242<span class=""sr-only"">phone number</span></a></p>","<em class=""comment_wtime"" data-original-title=""2021-04-05 17:56:32"" data-placement=""auto"" data-toggle=""tooltip"" title="""">2021-04-05</em>",작업공간
"<em id=""comment_writer"">no plastic sunday</em>","<p class=""adress"">서울특별시 성동구 성수이로26길 47</p>","<p class=""tell""><a class=""blocked"" href=""tel:""><span class=""sr-only"">phone number</span></a></p>","<em class=""comment_wtime"" data-original-title=""2021-03-29 18:59:23"" data-placement=""auto"" data-toggle=""tooltip"" title="""">2021-03-29</em>",작업공간
"<em id=""comment_writer"">제4의공간</em>","<p class=""adress"">서울특별시 영등포구 도림로143길 11-19</p>","<p class=""tell""><a class=""blocked"" href=""tel:contact@4thplace.io"">contact@4thplace.io<span class=""sr-only"">phone number</span></a></p>","<em class=""comment_wtime"" data-original-title=""2021-03-18 13:23:17"" data-placement=""auto"" data-toggle=""tooltip"" title="""">2021-03-18</em>",작업공간
"<em id=""comment_writer"">재작소</em>","<p class=""adress"">대전광역시 대덕구 오정동 133-16</p>","<p class=""tell""><a class=""blocked"" href=""tel:jaejagso@gmail.com"">jaejagso@gmail.com<span class=""sr-only"">phone number</span></a></p>","<em class=""comment_wtime"" data-original-title=""2021-03-04 02:06:16"" data-placement=""auto"" data-toggle=""tooltip"" title="""">2021-03-04</em>",작업공간
"<em id=""comment_writer"">로우리트 콜렉티브</em>","<p class=""adress"">서울특별시 금천구 두산로 5-1</p>","<p class=""tell""><a class=""blocked"" href=""tel:contact@lowlit.co"">contact@lowlit.co<span class=""sr-only"">phone number</span></a></p>","<em class=""comment_wtime"" data-original-title=""2021-03-03 15:57:29"" data-placement=""auto"" data-toggle=""tooltip"" title="""">2021-03-03</em>",작업공간
"<em id=""comment_writer"">터치포굿</em>","<p class=""adress"">서울특별시 종로구 동망산길 28</p>","<p class=""tell""><a class=""blocked"" href=""tel:02-6349-9006"">02-6349-9006<span class=""sr-only"">phone number</span></a></p>","<em class=""comment_wtime"" data-original-title=""2021-03-02 11:03:24"" data-placement=""auto"" data-toggle=""tooltip"" title="""">2021-03-02</em>",작업공간
"<em id=""comment_writer"">아이디어창작소도깨비</em>","<p class=""adress"">경기도 화성시</p>","<p class=""tell""><a class=""blocked"" href=""tel:01045911521"">01045911521<span class=""sr-only"">phone number</span></a></p>","<em class=""comment_wtime"" data-original-title=""2021-02-28 13:29:01"" data-placement=""auto"" data-toggle=""tooltip"" title="""">2021-02-28</em>",작업공간
"<em id=""comment_writer"">몽토브</em>","<p class=""adress"">서울특별시 영등포구 신풍로12나길 22</p>","<p class=""tell""><a class=""blocked"" href=""tel:jiwonc@montove.com"">jiwonc@montove.com<span class=""sr-only"">phone number</span></a></p>","<em class=""comment_wtime"" data-original-title=""2021-02-27 12:44:46"" data-placement=""auto"" data-toggle=""tooltip"" title="""">2021-02-27</em>",작업공간
"<em id=""comment_writer"">라디오비</em>","<p class=""adress"">경기도 화성시 영천동</p>","<p class=""tell""><a class=""blocked"" href=""tel:070-4154-5221"">070-4154-5221<span class=""sr-only"">phone number</span></a></p>","<em class=""comment_wtime"" data-original-title=""2021-02-26 18:13:27"" data-placement=""auto"" data-toggle=""tooltip"" title="""">2021-02-26</em>",작업공간
"<em id=""comment_writer"">clubkeepus</em>","<p class=""adress"">충청남도 보령시 신평중앙길 37</p>","<p class=""tell""><a class=""blocked"" href=""tel:010-2456-5796"">010-2456-5796<span class=""sr-only"">phone number</span></a></p>","<em class=""comment_wtime"" data-original-title=""2021-02-25 17:21:00"" data-placement=""auto"" data-toggle=""tooltip"" title="""">2021-02-25</em>",작업공간
"<em id=""comment_writer"">더쓸모협동조합</em>","<p class=""adress"">대구광역시 북구 경대로5길 16</p>","<p class=""tell""><a class=""blocked"" href=""tel:010-9988-5535"">010-9988-5535<span class=""sr-only"">phone number</span></a></p>","<em class=""comment_wtime"" data-original-title=""2021-02-25 11:58:46"" data-placement=""auto"" data-toggle=""tooltip"" title="""">2021-02-25</em>",작업공간
"<em id=""comment_writer"">서울환경연합</em>","<p class=""adress"">서울특별시 성동구 성수이로26길 47</p>","<p class=""tell""><a class=""blocked"" href=""tel:010-2133-7088"">010-2133-7088<span class=""sr-only"">phone number</span></a></p>","<em class=""comment_wtime"" data-original-title=""2021-02-25 09:42:08"" data-placement=""auto"" data-toggle=""tooltip"" title="""">2021-02-25</em>",작업공간
